{"current_snr": 0.0, "current_layer": 10, "layer_weights": {"0": {"nmse": 0.0008177586714737117}, "1": {"nmse": 0.0008177586714737117}, "2": {"nmse": 0.0008177586714737117}, "3": {"nmse": 0.0008177586714737117}, "4": {"nmse": 0.0008177586714737117}, "5": {"nmse": 0.0008177586714737117}, "6": {"nmse": 0.0008177586714737117}, "7": {"nmse": 0.0008177586714737117}, "8": {"nmse": 0.0008177586714737117}, "9": {"nmse": 0.0008177586714737117}, "10": {"nmse": 0.005612797103822231}}, "current_stage": "1.0000000474974514e-07"}