{"current_snr": 0.0, "current_layer": 6, "layer_weights": {"0": {"nmse": 5.052876440458931e-05}, "1": {"nmse": 5.052876440458931e-05}, "2": {"nmse": 5.052876440458931e-05}, "3": {"nmse": 5.052876440458931e-05}, "4": {"nmse": 5.052876440458931e-05}, "5": {"nmse": 5.052876440458931e-05}, "6": {"nmse": 4.805663411389105e-05}}, "current_stage": "1.0000000474974512e-06"}